seed,epoch,train_loss,val_loss
42,0,0.22579339146614075,0.1583620309829712
42,1,0.11838734149932861,0.08542609214782715
42,2,0.06294284015893936,0.04537630081176758
42,3,0.03363509848713875,0.024541102349758148
42,4,0.018357815220952034,0.013597418554127216
42,5,0.010244439356029034,0.0076841008849442005
42,6,0.005843967664986849,0.0044412859715521336
42,7,0.003404226154088974,0.002634261269122362
42,8,0.0020503676496446133,0.0016514916205778718
42,9,0.0013109258143231273,0.0011119007831439376
42,10,0.0009058457799255848,0.0008082085987553
42,11,0.000666911480948329,0.0006294856430031359
42,12,0.000518167216796428,0.0005124523304402828
42,13,0.00042485128506086767,0.000421870790887624
42,14,0.0003570503613445908,0.00035274040419608355
42,15,0.0003070024831686169,0.0003012340748682618
42,16,0.0002702564524952322,0.00026694050757214427
42,17,0.0002413186157355085,0.0002362789527978748
42,18,0.00021615425066556782,0.00020866705744992942
42,19,0.00019283055735286325,0.0001828314270824194
42,20,0.00017172122898045927,0.0001626762532396242
42,21,0.00015379807155113667,0.00014525908045470715
42,22,0.0001387412630720064,0.00013116961054038256
42,23,0.00012631902063731104,0.00012043560855090618
42,24,0.00011620077566476539,0.00011289980466244742
42,25,0.00010816190479090437,0.00010884975199587643
42,26,0.00010199211828876287,0.0001070246726158075
42,27,9.758080705069005e-05,0.00010670773917809129
42,28,9.468603821005672e-05,0.0001068502533598803
42,29,9.278930519940332e-05,0.000106689432868734
42,30,9.150274127023295e-05,0.00010558064968790859
42,31,9.065597987500951e-05,0.00010418543388368562
42,32,9.005826723296195e-05,0.00010268548794556409
42,33,8.964931475929916e-05,0.00010142107930732891
42,34,8.935055666370317e-05,0.00010004016075981781
42,35,8.909399184631184e-05,9.899347787722945e-05
42,36,8.886039722710848e-05,9.801158012123778e-05
42,37,8.862218965077773e-05,9.709985897643492e-05
42,38,8.836780034471303e-05,9.62370031629689e-05
42,39,8.81031810422428e-05,9.549520473228768e-05
42,40,8.782238728599623e-05,9.473798854742199e-05
42,41,8.753492147661746e-05,9.404328011441976e-05
42,42,8.724138751858845e-05,9.338919335277751e-05
42,43,8.692945266375318e-05,9.274787589674816e-05
42,44,8.660023013362661e-05,9.215281897922978e-05
42,45,8.627369243185967e-05,9.155408042715862e-05
42,46,8.592187077738345e-05,9.099169255932793e-05
42,47,8.558547415304929e-05,9.036995470523834e-05
42,48,8.523201540810987e-05,8.982013969216496e-05
42,49,8.487183367833495e-05,8.928051101975143e-05
1,0,0.08520984649658203,0.006332187447696924
1,1,0.0016458083409816027,0.00040747487219050527
1,2,0.00030786500428803265,0.00023401352518703789
1,3,0.00018063846800941974,0.00014132510113995522
1,4,0.0001128099174820818,9.523993503535166e-05
1,5,8.115680248010904e-05,7.521894440287724e-05
1,6,6.797756941523403e-05,6.745971768395975e-05
1,7,6.280092929955572e-05,6.448190106311813e-05
1,8,6.066947025828995e-05,6.303013651631773e-05
1,9,5.9637044614646584e-05,6.216018664417788e-05
1,10,5.9029018302680925e-05,6.163257785374299e-05
1,11,5.859672819497064e-05,6.133436545496807e-05
1,12,5.822421007906087e-05,6.104379281168804e-05
1,13,5.785758912679739e-05,6.050831143511459e-05
1,14,5.7485656725475565e-05,5.980291462037712e-05
1,15,5.709418473998085e-05,5.919496834394522e-05
1,16,5.667118603014387e-05,5.873811096535064e-05
1,17,5.6208922615041956e-05,5.819161015097052e-05
1,18,5.5700307711958885e-05,5.7501230912748724e-05
1,19,5.5167012760648504e-05,5.6875931477406994e-05
1,20,5.46417104487773e-05,5.626140773529187e-05
1,21,5.4113716032588854e-05,5.569449422182515e-05
1,22,5.3559302614303306e-05,5.515528027899563e-05
1,23,5.300007978803478e-05,5.445181523100473e-05
1,24,5.246737055131234e-05,5.3690248023485765e-05
1,25,5.1915983931394294e-05,5.3029409173177555e-05
1,26,5.130616045789793e-05,5.258527380647138e-05
1,27,5.0647529860725626e-05,5.232357216300443e-05
1,28,4.999138036509976e-05,5.179104846320115e-05
1,29,4.937175253871828e-05,5.095465894555673e-05
1,30,4.879144034930505e-05,5.001425597583875e-05
1,31,4.824504139833152e-05,4.917445403407328e-05
1,32,4.7723937314003706e-05,4.846117371926084e-05
1,33,4.720914512290619e-05,4.7806734073674306e-05
1,34,4.668370456784032e-05,4.7196459490805864e-05
1,35,4.6141412894940004e-05,4.663338768295944e-05
1,36,4.5579392462968826e-05,4.609393727150746e-05
1,37,4.4996297219768167e-05,4.554297265713103e-05
1,38,4.439743497641757e-05,4.496835026657209e-05
1,39,4.3796484533231705e-05,4.43888820882421e-05
1,40,4.321318192523904e-05,4.3824380554724485e-05
1,41,4.2658492020564154e-05,4.3274245399516076e-05
1,42,4.2123807361349463e-05,4.272688602213748e-05
1,43,4.1598450479796156e-05,4.2180810851277784e-05
1,44,4.1084957047132775e-05,4.164986967225559e-05
1,45,4.058763079228811e-05,4.114391776965931e-05
1,46,4.010486009065062e-05,4.0657112549524754e-05
1,47,3.962824848713353e-05,4.017825631308369e-05
1,48,3.915269553544931e-05,3.9699734770692885e-05
1,49,3.867528721457347e-05,3.921992902178317e-05
7,0,0.11673959344625473,0.03841770812869072
7,1,0.016108766198158264,0.0007220875704661012
7,2,0.0003259799850638956,0.00010603720147628337
7,3,0.00010029016993939877,0.00010281765571562573
7,4,9.713732288219035e-05,9.956916619557887e-05
7,5,9.413161023985595e-05,9.620057244319469e-05
7,6,9.125284850597382e-05,9.300718375016004e-05
7,7,8.851733582559973e-05,9.016648982651532e-05
7,8,8.60767177073285e-05,8.771439752308652e-05
7,9,8.401191735174507e-05,8.571604848839343e-05
7,10,8.226270438171923e-05,8.40624634292908e-05
7,11,8.059797255555168e-05,8.249990059994161e-05
7,12,7.882859063101932e-05,8.117087418213487e-05
7,13,7.698828994762152e-05,7.984667172422633e-05
7,14,7.512205047532916e-05,7.856218871893361e-05
7,15,7.32744374545291e-05,7.72289204178378e-05
7,16,7.14327979949303e-05,7.543163519585505e-05
7,17,6.960435712244362e-05,7.337853458011523e-05
7,18,6.777187081752345e-05,7.17843504389748e-05
7,19,6.589636905118823e-05,6.988619861658663e-05
7,20,6.40352227492258e-05,6.708322325721383e-05
7,21,6.223456875886768e-05,6.405942986020818e-05
7,22,6.053217293811031e-05,6.18294725427404e-05
7,23,5.890582542633638e-05,6.0448579461080953e-05
7,24,5.731240889872424e-05,5.906401565880515e-05
7,25,5.5740925745340064e-05,5.728924224968068e-05
7,26,5.42631751159206e-05,5.541119753615931e-05
7,27,5.285800216370262e-05,5.3907555411569774e-05
7,28,5.150242577656172e-05,5.2597759349737316e-05
7,29,5.022966070100665e-05,5.13781669724267e-05
7,30,4.896098471363075e-05,5.010542008676566e-05
7,31,4.7734334657434374e-05,4.8846934078028426e-05
7,32,4.656388773582876e-05,4.77733337902464e-05
7,33,4.541945963865146e-05,4.666180393542163e-05
7,34,4.4336247810861096e-05,4.549105869955383e-05
7,35,4.325542249716818e-05,4.451663699001074e-05
7,36,4.221002382109873e-05,4.399484896566719e-05
7,37,4.1172555938828737e-05,4.3413445382611826e-05
7,38,4.016288949060254e-05,4.239466579747386e-05
7,39,3.91914218198508e-05,4.1018247429747134e-05
7,40,3.8249654608080164e-05,3.9643080526730046e-05
7,41,3.730442767846398e-05,3.841087527689524e-05
7,42,3.635815664893016e-05,3.733133780770004e-05
7,43,3.539793033269234e-05,3.633414598880336e-05
7,44,3.444808316999115e-05,3.535028008627705e-05
7,45,3.354017826495692e-05,3.436147017055191e-05
7,46,3.269985245424323e-05,3.34299256792292e-05
7,47,3.192324220435694e-05,3.2628930057398975e-05
7,48,3.117494270554744e-05,3.1968793337000534e-05
7,49,3.04428358504083e-05,3.141270644846372e-05
123,0,0.05015898495912552,0.0011867324355989695
123,1,0.000838214997202158,0.0007252627401612699
123,2,0.0006425983156077564,0.0005780793726444244
123,3,0.0005343884695321321,0.0005027285660617054
123,4,0.00047834101133048534,0.000458813359728083
123,5,0.0004382729239296168,0.0004219828697387129
123,6,0.0004078604106325656,0.00039645202923566103
123,7,0.0003854002570733428,0.0003755291400011629
123,8,0.0003662337549030781,0.0003560827171895653
123,9,0.00034603546373546124,0.00033439253456890583
123,10,0.000322442821925506,0.00030922837322577834
123,11,0.0002936460659839213,0.00027991062961518764
123,12,0.0002637180732563138,0.0002501432900317013
123,13,0.00023499043891206384,0.00022282922873273492
123,14,0.0002094164810841903,0.00019983174570370466
123,15,0.00018857022223528475,0.00018174067372456193
123,16,0.00017220585141330957,0.00016795545525383204
123,17,0.00015951364184729755,0.0001570669555803761
123,18,0.00014940762775950134,0.0001482570805819705
123,19,0.0001410069817211479,0.000140640651807189
123,20,0.00013352591486182064,0.0001338003930868581
123,21,0.0001265898026758805,0.00012719901860691607
123,22,0.00012002288713119924,0.0001205380613100715
123,23,0.00011377733608242124,0.00011394837201805785
123,24,0.00010779967851703987,0.00010798247967613861
123,25,0.00010213605128228664,0.00010227334860246629
123,26,9.682333620730788e-05,9.737000800669193e-05
123,27,9.214055171469226e-05,9.267865971196443e-05
123,28,8.810230065137148e-05,8.913493365980685e-05
123,29,8.470950706396252e-05,8.647265349281952e-05
123,30,8.198420255212113e-05,8.442834950983524e-05
123,31,7.98132095951587e-05,8.266523946076632e-05
123,32,7.802012260071933e-05,8.12443031463772e-05
123,33,7.659989933017641e-05,8.009560406208038e-05
123,34,7.539842772530392e-05,7.893850852269679e-05
123,35,7.43256532587111e-05,7.813745469320565e-05
123,36,7.332253153435886e-05,7.73064311943017e-05
123,37,7.235100929392502e-05,7.663791620871052e-05
123,38,7.142420508898795e-05,7.597162039019167e-05
123,39,7.051827560644597e-05,7.543753599748015e-05
123,40,6.962546467548236e-05,7.499503408325836e-05
123,41,6.875148392282426e-05,7.459798507625237e-05
123,42,6.787435995647684e-05,7.430015102727339e-05
123,43,6.695550109725446e-05,7.4187402788084e-05
123,44,6.606388342333958e-05,7.416858716169372e-05
123,45,6.51522641419433e-05,7.419869507430121e-05
123,46,6.423058221116662e-05,7.422029011650011e-05
123,47,6.330779433483258e-05,7.399568130495027e-05
123,48,6.235801993170753e-05,7.33874476281926e-05
123,49,6.141798803582788e-05,7.22442491678521e-05
2024,0,0.06686176359653473,0.005934854969382286
2024,1,0.0012769626919180155,0.00010732719965744764
2024,2,8.956005331128836e-05,8.422553219133988e-05
2024,3,7.657200330868363e-05,7.538710633525625e-05
2024,4,6.975182623136789e-05,6.996593583608046e-05
2024,5,6.558698078151792e-05,6.675220356555656e-05
2024,6,6.308791489573196e-05,6.482007302111015e-05
2024,7,6.163210491649806e-05,6.359090912155807e-05
2024,8,6.0705624491674826e-05,6.276855856413022e-05
2024,9,6.00777639192529e-05,6.224084063433111e-05
2024,10,5.958973633823916e-05,6.181058415677398e-05
2024,11,5.9166941355215386e-05,6.130788824521005e-05
2024,12,5.8779951359611005e-05,6.066666173865087e-05
2024,13,5.839707955601625e-05,6.0027599829481915e-05
2024,14,5.798623533337377e-05,5.956838504062034e-05
2024,15,5.7496599765727296e-05,5.921463161939755e-05
2024,16,5.695963409380056e-05,5.883596168132499e-05
2024,17,5.640382005367428e-05,5.826520282425918e-05
2024,18,5.586024417425506e-05,5.760152998846024e-05
2024,19,5.53001300431788e-05,5.701748523279093e-05
2024,20,5.472319389809854e-05,5.64607726118993e-05
2024,21,5.4152595112100244e-05,5.5784319556551054e-05
2024,22,5.3590763855027035e-05,5.508157119038515e-05
2024,23,5.3026044042780995e-05,5.441677785711363e-05
2024,24,5.246036744210869e-05,5.3785952331963927e-05
2024,25,5.19112145411782e-05,5.332595537765883e-05
2024,26,5.138526830705814e-05,5.300454722600989e-05
2024,27,5.084837175672874e-05,5.234525087871589e-05
2024,28,5.029080421081744e-05,5.133137892698869e-05
2024,29,4.9710142775438726e-05,5.0496422772994265e-05
2024,30,4.9122558266390115e-05,5.013195186620578e-05
2024,31,4.852520578424446e-05,4.986492058378644e-05
2024,32,4.791757237398997e-05,4.922486186842434e-05
2024,33,4.731372246169485e-05,4.834370702155866e-05
2024,34,4.6743771235924214e-05,4.754712063004263e-05
2024,35,4.6232387830968946e-05,4.688366607297212e-05
2024,36,4.5770932047162205e-05,4.629128670785576e-05
2024,37,4.53325264970772e-05,4.5731201680609956e-05
2024,38,4.48919709015172e-05,4.5192115067038685e-05
2024,39,4.444276055437513e-05,4.466481550480239e-05
2024,40,4.398585224407725e-05,4.414662907947786e-05
2024,41,4.352292307885364e-05,4.3638807255774736e-05
2024,42,4.306192204239778e-05,4.314289253670722e-05
2024,43,4.2600262531777844e-05,4.265558163751848e-05
2024,44,4.214375076116994e-05,4.217544483253732e-05
2024,45,4.168990926700644e-05,4.17041992477607e-05
2024,46,4.124029146623798e-05,4.124243787373416e-05
2024,47,4.079475183971226e-05,4.0786966565065086e-05
2024,48,4.035467281937599e-05,4.0340044506592676e-05
2024,49,3.991605626652017e-05,3.988725438830443e-05
